ID,Name,Description,Contributor,Citation,Number_of_words,Language_ID,primary_contributors,secondary_contributors
1,Swahili vocabulary,1,Thilo Schadeberg,"Thilo Schadeberg. 2009. Swahili vocabulary. In: Haspelmath, Martin & Tadmor, Uri (eds.) World Loanword Database. Leipzig: Max Planck Institute for Evolutionary Anthropology, 1625 entries. (Available online at https://wold.clld.org/vocabulary/1)",1625,Swahili,schadebergthilo,
2,Iraqw vocabulary,2,Maarten Mous,"Maarten Mous. 2009. Iraqw vocabulary. In: Haspelmath, Martin & Tadmor, Uri (eds.) World Loanword Database. Leipzig: Max Planck Institute for Evolutionary Anthropology, 1117 entries. (Available online at https://wold.clld.org/vocabulary/2)",1117,Iraqw,mousmaarten,
3,Gawwada vocabulary,3,Mauro Tosco,"Mauro Tosco. 2009. Gawwada vocabulary. In: Haspelmath, Martin & Tadmor, Uri (eds.) World Loanword Database. Leipzig: Max Planck Institute for Evolutionary Anthropology, 982 entries. (Available online at https://wold.clld.org/vocabulary/3)",982,Gawwada,toscomauro,
4,Hausa vocabulary,4,Ari Awagana and H. Ekkehard Wolff with Doris Löhr,"Ari Awagana and H. Ekkehard Wolff (with Doris Löhr). 2009. Hausa vocabulary. In: Haspelmath, Martin & Tadmor, Uri (eds.) World Loanword Database. Leipzig: Max Planck Institute for Evolutionary Anthropology, 1452 entries. (Available online at https://wold.clld.org/vocabulary/4)",1452,Hausa,awaganaari wolffhekkehard,lohrdoris
5,Kanuri vocabulary,5,Doris Löhr and H. Ekkehard Wolff with Ari Awagana,"Doris Löhr and H. Ekkehard Wolff (with Ari Awagana). 2009. Kanuri vocabulary. In: Haspelmath, Martin & Tadmor, Uri (eds.) World Loanword Database. Leipzig: Max Planck Institute for Evolutionary Anthropology, 1427 entries. (Available online at https://wold.clld.org/vocabulary/5)",1427,Kanuri,lohrdoris wolffhekkehard,awaganaari
6,Tarifiyt Berber vocabulary,6,Maarten Kossmann,"Maarten Kossmann. 2009. Tarifiyt Berber vocabulary. In: Haspelmath, Martin & Tadmor, Uri (eds.) World Loanword Database. Leipzig: Max Planck Institute for Evolutionary Anthropology, 1533 entries. (Available online at https://wold.clld.org/vocabulary/6)",1533,TarifiytBerber,kossmannmaarten,
7,Seychelles Creole vocabulary,7,Susanne Michaelis with Marcel Rosalie and Katrin Muhme,"Susanne Michaelis (with Marcel Rosalie and Katrin Muhme). 2009. Seychelles Creole vocabulary. In: Haspelmath, Martin & Tadmor, Uri (eds.) World Loanword Database. Leipzig: Max Planck Institute for Evolutionary Anthropology, 1880 entries. (Available online at https://wold.clld.org/vocabulary/7)",1880,SeychellesCreole,michaelissusanne,rosaliemarcel muhmekatrin
8,Romanian vocabulary,8,Kim Schulte,"Kim Schulte. 2009. Romanian vocabulary. In: Haspelmath, Martin & Tadmor, Uri (eds.) World Loanword Database. Leipzig: Max Planck Institute for Evolutionary Anthropology, 2137 entries. (Available online at https://wold.clld.org/vocabulary/8)",2137,Romanian,schultekim,
9,Selice Romani vocabulary,9,Viktor Elšík,"Viktor Elšík. 2009. Selice Romani vocabulary. In: Haspelmath, Martin & Tadmor, Uri (eds.) World Loanword Database. Leipzig: Max Planck Institute for Evolutionary Anthropology, 1536 entries. (Available online at https://wold.clld.org/vocabulary/9)",1536,SeliceRomani,elsikviktor,
10,Lower Sorbian vocabulary,10,Hauke Bartels,"Hauke Bartels. 2009. Lower Sorbian vocabulary. In: Haspelmath, Martin & Tadmor, Uri (eds.) World Loanword Database. Leipzig: Max Planck Institute for Evolutionary Anthropology, 1671 entries. (Available online at https://wold.clld.org/vocabulary/10)",1671,LowerSorbian,bartelshauke,
11,Old High German vocabulary,11,Roland Schuhmann,"Roland Schuhmann. 2009. Old High German vocabulary. In: Haspelmath, Martin & Tadmor, Uri (eds.) World Loanword Database. Leipzig: Max Planck Institute for Evolutionary Anthropology, 1203 entries. (Available online at https://wold.clld.org/vocabulary/11)",1203,OldHighGerman,schuhmannroland,
12,Dutch vocabulary,12,Nicoline van der Sijs,"Nicoline van der Sijs. 2009. Dutch vocabulary. In: Haspelmath, Martin & Tadmor, Uri (eds.) World Loanword Database. Leipzig: Max Planck Institute for Evolutionary Anthropology, 1513 entries. (Available online at https://wold.clld.org/vocabulary/12)",1513,Dutch,vandersijsnicoline,
13,English vocabulary,13,Anthony Grant,"Anthony Grant. 2009. English vocabulary. In: Haspelmath, Martin & Tadmor, Uri (eds.) World Loanword Database. Leipzig: Max Planck Institute for Evolutionary Anthropology, 1505 entries. (Available online at https://wold.clld.org/vocabulary/13)",1505,English,grantanthony,
14,Kildin Saami vocabulary,14,Michael Rießler,"Michael Rießler. 2009. Kildin Saami vocabulary. In: Haspelmath, Martin & Tadmor, Uri (eds.) World Loanword Database. Leipzig: Max Planck Institute for Evolutionary Anthropology, 1342 entries. (Available online at https://wold.clld.org/vocabulary/14)",1342,KildinSaami,riesslermichael,
15,Bezhta vocabulary,15,Bernard Comrie and Madzhid Khalilov,"Bernard Comrie and Madzhid Khalilov. 2009. Bezhta vocabulary. In: Haspelmath, Martin & Tadmor, Uri (eds.) World Loanword Database. Leipzig: Max Planck Institute for Evolutionary Anthropology, 1344 entries. (Available online at https://wold.clld.org/vocabulary/15)",1344,Bezhta,comriebernard khalilovmadzhid,
16,Archi vocabulary,16,Marina Chumakina,"Marina Chumakina. 2009. Archi vocabulary. In: Haspelmath, Martin & Tadmor, Uri (eds.) World Loanword Database. Leipzig: Max Planck Institute for Evolutionary Anthropology, 1112 entries. (Available online at https://wold.clld.org/vocabulary/16)",1112,Archi,chumakinamarina,
17,Manange vocabulary,17,Kristine Hildebrandt,"Kristine Hildebrandt. 2009. Manange vocabulary. In: Haspelmath, Martin & Tadmor, Uri (eds.) World Loanword Database. Leipzig: Max Planck Institute for Evolutionary Anthropology, 1009 entries. (Available online at https://wold.clld.org/vocabulary/17)",1009,Manange,hildebrandtkristine,
18,Ket vocabulary,18,Edward Vajda and Andrey Nefedov,"Edward Vajda and Andrey Nefedov. 2009. Ket vocabulary. In: Haspelmath, Martin & Tadmor, Uri (eds.) World Loanword Database. Leipzig: Max Planck Institute for Evolutionary Anthropology, 1030 entries. (Available online at https://wold.clld.org/vocabulary/18)",1030,Ket,vajdaedward nefedovandrey,
19,Sakha vocabulary,19,Brigitte Pakendorf and Innokentij Novgorodov,"Brigitte Pakendorf and Innokentij Novgorodov. 2009. Sakha vocabulary. In: Haspelmath, Martin & Tadmor, Uri (eds.) World Loanword Database. Leipzig: Max Planck Institute for Evolutionary Anthropology, 1411 entries. (Available online at https://wold.clld.org/vocabulary/19)",1411,Sakha,pakendorfbrigitte novgorodovinnokentij,
20,Oroqen vocabulary,20,Fengxiang Li and Lindsay J. Whaley,"Fengxiang Li and Lindsay J. Whaley. 2009. Oroqen vocabulary. In: Haspelmath, Martin & Tadmor, Uri (eds.) World Loanword Database. Leipzig: Max Planck Institute for Evolutionary Anthropology, 1138 entries. (Available online at https://wold.clld.org/vocabulary/20)",1138,Oroqen,lifengxiang whaleylindsayj,
21,Japanese vocabulary,21,Christopher K. Schmidt,"Christopher K. Schmidt. 2009. Japanese vocabulary. In: Haspelmath, Martin & Tadmor, Uri (eds.) World Loanword Database. Leipzig: Max Planck Institute for Evolutionary Anthropology, 1975 entries. (Available online at https://wold.clld.org/vocabulary/21)",1975,Japanese,schmidtchristopherk,
22,Mandarin Chinese vocabulary,22,Thekla Wiebusch,"Thekla Wiebusch. 2009. Mandarin Chinese vocabulary. In: Haspelmath, Martin & Tadmor, Uri (eds.) World Loanword Database. Leipzig: Max Planck Institute for Evolutionary Anthropology, 2049 entries. (Available online at https://wold.clld.org/vocabulary/22)",2049,MandarinChinese,wiebuschthekla,
23,Thai vocabulary,23,Titima Suthiwan,"Titima Suthiwan. 2009. Thai vocabulary. In: Haspelmath, Martin & Tadmor, Uri (eds.) World Loanword Database. Leipzig: Max Planck Institute for Evolutionary Anthropology, 2073 entries. (Available online at https://wold.clld.org/vocabulary/23)",2073,Thai,suthiwantitima,
24,Vietnamese vocabulary,24,Mark Alves,"Mark Alves. 2009. Vietnamese vocabulary. In: Haspelmath, Martin & Tadmor, Uri (eds.) World Loanword Database. Leipzig: Max Planck Institute for Evolutionary Anthropology, 1477 entries. (Available online at https://wold.clld.org/vocabulary/24)",1477,Vietnamese,alvesmark,
25,White Hmong vocabulary,25,Martha Ratliff,"Martha Ratliff. 2009. White Hmong vocabulary. In: Haspelmath, Martin & Tadmor, Uri (eds.) World Loanword Database. Leipzig: Max Planck Institute for Evolutionary Anthropology, 1292 entries. (Available online at https://wold.clld.org/vocabulary/25)",1292,WhiteHmong,ratliffmartha,
26,Ceq Wong vocabulary,26,Nicole Kruspe,"Nicole Kruspe. 2009. Ceq Wong vocabulary. In: Haspelmath, Martin & Tadmor, Uri (eds.) World Loanword Database. Leipzig: Max Planck Institute for Evolutionary Anthropology, 871 entries. (Available online at https://wold.clld.org/vocabulary/26)",871,CeqWong,kruspenicole,
27,Indonesian vocabulary,27,Uri Tadmor,"Uri Tadmor. 2009. Indonesian vocabulary. In: Haspelmath, Martin & Tadmor, Uri (eds.) World Loanword Database. Leipzig: Max Planck Institute for Evolutionary Anthropology, 1945 entries. (Available online at https://wold.clld.org/vocabulary/27)",1945,Indonesian,tadmoruri,
28,Malagasy vocabulary,28,Alexander Adelaar,"Alexander Adelaar. 2009. Malagasy vocabulary. In: Haspelmath, Martin & Tadmor, Uri (eds.) World Loanword Database. Leipzig: Max Planck Institute for Evolutionary Anthropology, 1526 entries. (Available online at https://wold.clld.org/vocabulary/28)",1526,Malagasy,adelaaralexander,
29,Takia vocabulary,29,Malcolm Ross,"Malcolm Ross. 2009. Takia vocabulary. In: Haspelmath, Martin & Tadmor, Uri (eds.) World Loanword Database. Leipzig: Max Planck Institute for Evolutionary Anthropology, 1125 entries. (Available online at https://wold.clld.org/vocabulary/29)",1125,Takia,rossmalcolm,
30,Hawaiian vocabulary,30,ʻŌiwi Parker Jones,"ʻŌiwi Parker Jones. 2009. Hawaiian vocabulary. In: Haspelmath, Martin & Tadmor, Uri (eds.) World Loanword Database. Leipzig: Max Planck Institute for Evolutionary Anthropology, 1306 entries. (Available online at https://wold.clld.org/vocabulary/30)",1306,Hawaiian,parkerjonesoiwi,
31,Gurindji vocabulary,31,Patrick McConvell,"Patrick McConvell. 2009. Gurindji vocabulary. In: Haspelmath, Martin & Tadmor, Uri (eds.) World Loanword Database. Leipzig: Max Planck Institute for Evolutionary Anthropology, 842 entries. (Available online at https://wold.clld.org/vocabulary/31)",842,Gurindji,mcconvellpatrick,
32,Yaqui vocabulary,32,Zarina Estrada Fernández,"Zarina Estrada Fernández. 2009. Yaqui vocabulary. In: Haspelmath, Martin & Tadmor, Uri (eds.) World Loanword Database. Leipzig: Max Planck Institute for Evolutionary Anthropology, 1384 entries. (Available online at https://wold.clld.org/vocabulary/32)",1384,Yaqui,estradafernandezzarina,
33,Zinacantán Tzotzil vocabulary,33,Cecil H. Brown,"Cecil H. Brown. 2009. Zinacantán Tzotzil vocabulary. In: Haspelmath, Martin & Tadmor, Uri (eds.) World Loanword Database. Leipzig: Max Planck Institute for Evolutionary Anthropology, 1217 entries. (Available online at https://wold.clld.org/vocabulary/33)",1217,ZinacantanTzotzil,browncecilh,
34,Q'eqchi' vocabulary,34,Søren Wichmann and Kerry Hull,"Søren Wichmann and Kerry Hull. 2009. Q'eqchi' vocabulary. In: Haspelmath, Martin & Tadmor, Uri (eds.) World Loanword Database. Leipzig: Max Planck Institute for Evolutionary Anthropology, 1774 entries. (Available online at https://wold.clld.org/vocabulary/34)",1774,Qeqchi,wichmannsoren hullkerry,
35,Otomi vocabulary,35,Dik Bakker and Ewald Hekking,"Dik Bakker and Ewald Hekking. 2009. Otomi vocabulary. In: Haspelmath, Martin & Tadmor, Uri (eds.) World Loanword Database. Leipzig: Max Planck Institute for Evolutionary Anthropology, 2158 entries. (Available online at https://wold.clld.org/vocabulary/35)",2158,Otomi,bakkerdik hekkingewald,
36,Saramaccan vocabulary,36,Jeff Good,"Jeff Good. 2009. Saramaccan vocabulary. In: Haspelmath, Martin & Tadmor, Uri (eds.) World Loanword Database. Leipzig: Max Planck Institute for Evolutionary Anthropology, 1103 entries. (Available online at https://wold.clld.org/vocabulary/36)",1103,Saramaccan,goodjeff,
37,Imbabura Quechua vocabulary,37,Jorge A. Gómez Rendón,"Jorge A. Gómez Rendón. 2009. Imbabura Quechua vocabulary. In: Haspelmath, Martin & Tadmor, Uri (eds.) World Loanword Database. Leipzig: Max Planck Institute for Evolutionary Anthropology, 1179 entries. (Available online at https://wold.clld.org/vocabulary/37)",1179,ImbaburaQuechua,gomezrendonjorgea,
38,Kali'na vocabulary,38,Odile Renault-Lescure,"Odile Renault-Lescure. 2009. Kali'na vocabulary. In: Haspelmath, Martin & Tadmor, Uri (eds.) World Loanword Database. Leipzig: Max Planck Institute for Evolutionary Anthropology, 1191 entries. (Available online at https://wold.clld.org/vocabulary/38)",1191,Kalina,renaultlescureodile,
39,Hup vocabulary,39,Patience Epps,"Patience Epps. 2009. Hup vocabulary. In: Haspelmath, Martin & Tadmor, Uri (eds.) World Loanword Database. Leipzig: Max Planck Institute for Evolutionary Anthropology, 994 entries. (Available online at https://wold.clld.org/vocabulary/39)",994,Hup,eppspatience,
40,Wichí vocabulary,40,Alejandra Vidal and Verónica Nercesian,"Alejandra Vidal and Verónica Nercesian. 2009. Wichí vocabulary. In: Haspelmath, Martin & Tadmor, Uri (eds.) World Loanword Database. Leipzig: Max Planck Institute for Evolutionary Anthropology, 1187 entries. (Available online at https://wold.clld.org/vocabulary/40)",1187,Wichi,vidalalejandra nercesianveronica,
41,Mapudungun vocabulary,41,Lucía Golluscio and Adriana Fraguas and Fresia Mellico,"Lucía Golluscio and Adriana Fraguas and Fresia Mellico. 2009. Mapudungun vocabulary. In: Haspelmath, Martin & Tadmor, Uri (eds.) World Loanword Database. Leipzig: Max Planck Institute for Evolutionary Anthropology, 1291 entries. (Available online at https://wold.clld.org/vocabulary/41)",1291,Mapudungun,gollusciolucia fraguasadriana mellicofresia,
